hostname,ip,os,ram_gb,department,active
web-35.suarez.com,172.28.56.222,Windows Server 2019,8,Finance,True
srv-47.hoffman.com,172.18.204.157,Ubuntu 22.04,8,Operations,False
web-78.baker.com,172.16.184.96,Debian 11,8,Security,True
lt-06.price.com,192.168.76.248,Debian 11,4,Security,False
email-61.chandler.com,10.103.138.45,Windows Server 2019,16,R&D,True
db-36.smith.com,10.240.66.83,Windows Server 2022,2,IT,False
web-79.smith-chavez.com,10.98.205.100,Windows Server 2019,4,R&D,False
db-90.gross.com,10.168.170.82,CentOS 8,8,Finance,False
srv-68.juarez.com,192.168.52.158,CentOS 8,4,Finance,False
laptop-86.johnson.com,192.168.83.165,Ubuntu 22.04,2,R&D,False
srv-24.gomez.biz,10.187.205.181,Windows Server 2022,64,IT,False
desktop-32.martinez.org,192.168.30.34,CentOS 8,2,R&D,True
srv-19.donaldson-knox.com,10.83.130.71,CentOS 8,4,IT,False
db-89.schmidt-trujillo.org,172.19.159.69,Debian 11,32,HR,True
web-15.johnson-gould.org,10.141.26.89,Windows Server 2022,32,Security,True
db-55.lopez.info,172.26.192.180,CentOS 8,4,Finance,False
laptop-82.jones-palmer.org,172.17.52.55,Ubuntu 22.04,16,Finance,False
db-34.abbott-kelley.biz,10.193.149.149,Debian 11,2,Operations,False
desktop-00.sims.com,10.156.68.229,CentOS 8,8,IT,False
lt-27.gay.com,192.168.155.104,Ubuntu 22.04,4,R&D,True
web-31.lee.com,192.168.124.172,Windows Server 2022,16,Operations,True
laptop-71.calderon.org,192.168.178.68,Ubuntu 22.04,16,HR,True
srv-92.robles-weber.org,172.30.24.195,Debian 11,8,HR,False
srv-52.davis.biz,172.18.114.246,Windows Server 2022,32,Security,False
srv-97.bridges-powell.info,192.168.3.34,Debian 11,32,Security,True
lt-38.lee.com,192.168.48.90,Ubuntu 22.04,64,Operations,True
lt-99.bennett.info,172.22.168.165,Debian 11,4,Security,False
db-26.blackburn.com,172.25.103.57,Ubuntu 22.04,2,R&D,True
web-71.brock.com,172.23.27.186,Windows Server 2019,2,Security,True
srv-00.willis.com,192.168.189.30,CentOS 8,8,IT,True
laptop-85.davis.com,192.168.101.178,Ubuntu 22.04,4,HR,False
lt-45.gibbs.com,10.249.110.225,Windows Server 2019,16,Security,True
web-59.johnson-malone.com,10.142.220.210,Debian 11,8,IT,True
email-04.erickson.biz,172.16.175.235,Windows Server 2019,64,R&D,False
lt-94.williams-wright.com,172.26.161.195,Debian 11,64,HR,True
desktop-01.anderson.net,172.31.33.68,Ubuntu 22.04,64,Operations,True
web-76.henderson.com,192.168.135.198,Windows Server 2022,8,Operations,True
desktop-63.brown.info,10.143.143.29,Ubuntu 22.04,32,Finance,True
desktop-67.anderson.biz,10.68.163.131,Windows Server 2019,32,Operations,True
desktop-25.carter-richardson.org,172.17.87.246,Ubuntu 22.04,64,Finance,True
email-19.ward.com,172.27.233.135,Windows Server 2022,4,Finance,False
db-58.hall.com,10.249.32.211,Ubuntu 22.04,16,Operations,False
db-49.figueroa-garcia.com,172.27.3.134,Ubuntu 22.04,64,IT,False
lt-91.ayers.com,192.168.173.83,CentOS 8,2,HR,True
desktop-14.smith.com,172.24.150.212,CentOS 8,8,Operations,True
laptop-86.dominguez.com,10.74.115.59,Windows Server 2022,8,HR,False
desktop-05.carter.com,172.26.211.28,Ubuntu 22.04,2,IT,False
laptop-46.rubio.org,10.175.213.94,CentOS 8,32,Security,True
lt-12.moore.com,172.18.129.196,Debian 11,16,Security,True
laptop-14.hill.com,192.168.216.25,Windows Server 2022,16,IT,False
db-88.howell.com,192.168.229.242,CentOS 8,16,Security,True
laptop-33.gonzalez.com,172.18.161.53,Debian 11,4,Finance,True
web-16.jones.com,10.187.2.59,CentOS 8,16,Security,True
lt-05.french-chapman.com,192.168.128.32,CentOS 8,4,Security,True
desktop-92.soto.com,172.30.123.235,Ubuntu 22.04,32,Operations,True
laptop-34.mullins-may.info,172.24.131.236,CentOS 8,64,Security,False
lt-98.baxter.com,192.168.43.163,Debian 11,4,Security,False
email-18.tran.com,192.168.62.123,Windows Server 2019,2,R&D,True
srv-14.howe-casey.biz,192.168.248.167,Windows Server 2022,8,Security,True
db-66.clark-shah.com,172.26.166.113,Debian 11,32,Operations,True
db-17.stone-mitchell.com,192.168.246.227,Debian 11,2,Operations,False
db-32.young.com,192.168.237.133,Debian 11,16,Operations,False
db-77.richardson.org,10.249.19.204,Windows Server 2019,2,HR,True
db-55.johnson.com,10.15.240.229,CentOS 8,64,Operations,True
lt-27.sweeney-berry.com,172.22.100.207,Windows Server 2019,16,Operations,False
srv-58.flores-wheeler.info,10.99.4.95,Windows Server 2022,8,IT,False
web-57.perez.com,172.25.225.35,Debian 11,16,IT,False
srv-72.adams.com,172.26.46.42,Windows Server 2022,64,R&D,False
lt-63.santiago-bennett.biz,172.28.3.28,Ubuntu 22.04,2,Operations,False
lt-78.turner.biz,192.168.43.121,CentOS 8,64,Finance,False
laptop-46.phillips-williams.net,172.23.170.138,Windows Server 2019,2,HR,True
db-48.johnson.org,192.168.226.234,CentOS 8,4,IT,False
db-80.vazquez.com,172.21.178.254,Windows Server 2022,4,Finance,True
laptop-94.howe-shepherd.biz,192.168.255.231,Windows Server 2019,16,HR,False
desktop-72.hicks.org,192.168.213.139,Ubuntu 22.04,16,IT,False
email-02.gentry-davis.org,192.168.192.132,Windows Server 2019,32,HR,True
lt-53.little.com,10.128.2.125,Windows Server 2022,4,Security,False
desktop-98.simmons.com,172.19.3.139,Debian 11,4,Operations,False
email-14.martinez.com,192.168.54.107,Debian 11,16,HR,True
email-54.christian-washington.com,172.17.101.17,Windows Server 2022,2,HR,True
laptop-99.may-robinson.com,172.17.232.180,Windows Server 2022,2,Security,True
db-71.snyder-lyons.com,192.168.220.132,Ubuntu 22.04,4,IT,False
lt-30.black.info,172.27.235.113,Debian 11,2,Operations,True
desktop-10.benton.com,172.23.56.184,CentOS 8,8,Security,True
lt-66.miller.biz,10.122.215.248,Windows Server 2022,64,HR,True
email-93.cain-wilson.com,10.176.76.196,Ubuntu 22.04,4,IT,False
lt-95.sanchez-davis.net,172.31.7.228,Windows Server 2022,32,Operations,False
lt-79.rowe.org,192.168.202.5,CentOS 8,16,Finance,True
desktop-22.barnes-curry.com,192.168.74.111,Debian 11,64,Operations,True
email-47.horn.info,192.168.45.200,Windows Server 2019,8,Security,False
lt-98.bowman-goodman.com,10.174.21.164,Windows Server 2019,2,Security,False
db-34.mathews-walls.com,192.168.176.154,Debian 11,4,Operations,False
email-62.lane-paul.com,192.168.69.226,Windows Server 2022,16,R&D,False
desktop-72.atkins.com,10.115.243.199,Ubuntu 22.04,64,Finance,False
web-94.galvan.com,10.199.222.205,Ubuntu 22.04,4,Operations,False
email-25.hunt-wise.com,172.20.151.179,Debian 11,16,IT,False
laptop-78.hensley.com,10.147.205.121,CentOS 8,8,Security,True
db-57.mathis.com,10.189.195.215,Windows Server 2022,32,Security,True
laptop-40.cook-kirk.com,192.168.119.18,Windows Server 2019,2,Finance,True
web-76.stark.com,172.27.225.246,Debian 11,4,Security,True
lt-44.greene.net,172.30.27.55,Windows Server 2019,32,Operations,True
srv-59.wright.com,192.168.58.238,Debian 11,64,Finance,False
desktop-63.huffman.com,172.30.152.49,CentOS 8,2,Finance,True
db-75.glenn.net,10.226.178.226,CentOS 8,64,HR,False
web-15.craig.com,10.143.47.212,Debian 11,16,Operations,False
db-71.hayden.net,10.115.201.29,Debian 11,16,Finance,False
email-77.kline-duarte.com,172.29.146.44,Debian 11,8,IT,True
desktop-36.madden.org,172.27.60.183,Windows Server 2022,2,HR,False
web-73.sparks.net,192.168.82.87,CentOS 8,4,Finance,False
srv-57.woods-jones.com,192.168.161.36,Windows Server 2019,2,Finance,True
desktop-83.brandt.biz,10.83.250.206,Debian 11,4,R&D,False
laptop-95.hurst.com,192.168.18.24,CentOS 8,16,Operations,True
email-82.wells-elliott.com,192.168.38.156,CentOS 8,32,Finance,True
laptop-02.mclaughlin.org,172.23.211.130,CentOS 8,8,Finance,True
lt-46.trujillo.net,192.168.36.12,Windows Server 2022,16,R&D,True
laptop-73.gray.com,172.16.251.212,Windows Server 2019,8,Operations,False
lt-51.smith.com,192.168.200.148,Ubuntu 22.04,8,HR,False
laptop-26.austin.info,192.168.104.16,Windows Server 2019,2,R&D,True
email-13.vance.com,172.19.89.17,Ubuntu 22.04,8,Operations,True
desktop-20.abbott-sweeney.com,10.76.216.75,Windows Server 2022,2,Security,False
db-42.oneill.com,192.168.167.51,CentOS 8,2,Operations,False
srv-14.wallace-berry.com,192.168.124.28,Windows Server 2019,4,Operations,True
email-52.moore.com,192.168.190.228,Debian 11,2,IT,False
laptop-74.armstrong.com,192.168.7.40,Ubuntu 22.04,64,IT,True
lt-32.parsons.info,192.168.249.29,Windows Server 2022,32,Security,True
srv-62.george.com,172.17.125.208,CentOS 8,2,Security,True
srv-72.price.com,10.185.50.75,Ubuntu 22.04,32,R&D,True
laptop-12.mitchell.com,172.24.137.183,Windows Server 2019,8,Finance,False
db-14.yang-sandoval.com,10.238.142.61,Debian 11,64,Finance,True
srv-85.faulkner.biz,10.52.48.211,Ubuntu 22.04,64,R&D,True
laptop-84.snyder.biz,172.22.139.58,Debian 11,4,Finance,False
laptop-24.russell.biz,172.30.112.225,Ubuntu 22.04,2,R&D,True
web-81.reynolds.net,192.168.53.96,Windows Server 2022,2,Operations,True
web-74.rogers.com,10.152.230.127,CentOS 8,16,R&D,False
lt-32.gates.net,10.184.178.242,Debian 11,8,HR,True
email-14.martinez.com,192.168.172.74,Windows Server 2022,16,IT,False
web-34.reeves.com,10.93.216.17,CentOS 8,16,IT,True
lt-93.robertson-wilkinson.org,172.29.112.133,Debian 11,16,Security,True
laptop-32.francis.info,192.168.67.199,Debian 11,16,Finance,True
web-12.parker.biz,192.168.26.123,Debian 11,8,Finance,False
lt-40.jackson-ferguson.biz,172.26.38.211,Windows Server 2022,8,HR,False
web-67.montgomery.com,10.150.30.165,CentOS 8,8,R&D,True
email-70.mckinney.org,192.168.74.17,Windows Server 2019,4,Operations,True
db-69.allen-park.biz,192.168.174.241,Windows Server 2019,8,Operations,False
desktop-64.hunt.com,192.168.50.77,Windows Server 2022,8,Operations,False
db-18.eaton.com,10.66.96.177,CentOS 8,8,R&D,False
srv-37.wilson.com,10.117.237.151,Windows Server 2022,32,R&D,True
laptop-14.fisher.biz,10.190.178.142,Debian 11,64,Finance,True
lt-80.garcia-reed.com,172.21.112.138,Ubuntu 22.04,32,R&D,True
srv-18.baker.com,192.168.160.157,Windows Server 2022,32,Finance,False
lt-92.villarreal.net,192.168.135.154,CentOS 8,4,HR,True
email-31.fleming.com,172.31.44.168,Debian 11,4,Security,True
laptop-08.morrison-johnson.com,192.168.200.235,CentOS 8,16,Operations,False
lt-52.gibson.biz,172.20.132.162,Ubuntu 22.04,32,Security,True
web-32.stewart.com,192.168.38.146,Windows Server 2019,2,R&D,True
email-78.ryan.com,10.211.74.64,Debian 11,8,Operations,False
db-32.craig-campos.net,172.30.65.159,Windows Server 2019,64,IT,False
srv-88.garcia-brooks.com,172.28.30.93,Debian 11,8,Security,True
srv-21.gibson.com,10.223.207.237,CentOS 8,4,Security,True
email-84.stone-coffey.com,10.198.95.234,Debian 11,16,HR,False
lt-36.owens.biz,172.30.235.216,CentOS 8,32,Security,False
desktop-57.johnson.net,10.41.74.238,Ubuntu 22.04,2,R&D,True
desktop-96.evans.com,172.16.60.63,Windows Server 2019,16,Operations,False
desktop-43.harris.com,10.161.112.191,CentOS 8,16,HR,False
srv-48.newton.com,192.168.123.134,Ubuntu 22.04,16,Finance,False
desktop-48.daniels-edwards.com,10.250.94.58,Ubuntu 22.04,4,Finance,False
desktop-22.wilson.com,172.23.0.24,Windows Server 2022,8,Finance,False
laptop-92.goodwin-robertson.com,172.25.84.41,Windows Server 2022,2,R&D,False
desktop-48.knight.com,10.224.55.73,Ubuntu 22.04,8,R&D,False
lt-72.lewis.org,10.243.136.217,Ubuntu 22.04,4,Finance,False
web-31.tate.com,172.16.232.37,Windows Server 2022,32,Finance,False
db-79.friedman.com,172.22.164.128,Ubuntu 22.04,16,Security,False
desktop-12.green.com,192.168.0.254,Windows Server 2022,32,HR,True
email-16.vaughan.org,172.29.167.151,CentOS 8,64,HR,True
db-01.mcdaniel.biz,172.21.145.250,Windows Server 2019,4,Finance,True
laptop-18.branch.info,172.24.59.158,CentOS 8,4,Finance,False
lt-68.nunez.net,10.243.130.61,Debian 11,64,R&D,False
web-49.gonzales-fernandez.com,192.168.6.114,Debian 11,16,IT,False
web-51.harvey.com,192.168.47.64,CentOS 8,4,Operations,True
email-17.hamilton.net,172.22.237.17,CentOS 8,8,Security,True
email-65.hanson.com,172.28.205.11,Windows Server 2022,4,Operations,True
desktop-52.perry-nguyen.biz,192.168.66.22,Windows Server 2022,8,R&D,False
email-85.robbins.com,10.64.120.36,Windows Server 2019,32,IT,False
db-58.schultz.biz,10.65.7.38,Debian 11,16,HR,False
desktop-69.smith-aguilar.com,192.168.26.68,CentOS 8,8,IT,True
db-20.alvarez.biz,192.168.131.79,Ubuntu 22.04,2,IT,False
srv-64.burke.com,192.168.127.142,CentOS 8,2,Finance,True
web-40.williams-villanueva.com,172.18.171.50,CentOS 8,8,HR,False
web-28.sandoval.com,172.23.100.119,Debian 11,16,Security,False
laptop-34.smith.info,10.119.79.201,Ubuntu 22.04,8,HR,True
lt-78.lee-tucker.com,10.191.253.16,Windows Server 2022,16,R&D,True
web-56.mathews-olson.com,10.168.33.203,Windows Server 2022,2,Finance,True
lt-90.lewis.com,192.168.91.246,Ubuntu 22.04,16,Finance,False
laptop-39.brooks.net,172.18.222.52,Ubuntu 22.04,16,HR,False
desktop-05.boyd.com,172.21.164.80,CentOS 8,32,Security,True
desktop-33.jones.com,10.164.226.54,CentOS 8,64,IT,False
lt-31.lyons.com,192.168.39.190,Ubuntu 22.04,4,R&D,True
lt-18.hayes-ellis.com,192.168.75.115,CentOS 8,32,Finance,False
db-73.smith.org,172.21.21.96,Windows Server 2019,2,IT,False
lt-88.fitzgerald-hinton.com,172.21.5.200,Ubuntu 22.04,32,Finance,False
email-42.davis.com,192.168.40.40,Windows Server 2022,64,Security,False
lt-59.adams.org,172.27.185.22,Debian 11,2,HR,True
web-51.flynn.com,10.145.129.194,Windows Server 2022,2,Operations,True
db-56.simpson.org,192.168.212.98,Debian 11,4,HR,True
db-00.wilson.com,172.27.241.175,CentOS 8,16,R&D,True
email-83.caldwell-sutton.biz,172.26.97.20,Windows Server 2019,32,HR,False
srv-84.palmer-perez.com,172.27.227.42,CentOS 8,32,Finance,False
web-62.norris.com,10.134.200.106,CentOS 8,8,Operations,False
laptop-59.reyes.com,10.72.103.62,Windows Server 2019,8,R&D,False
laptop-08.gutierrez.com,192.168.105.183,Ubuntu 22.04,64,R&D,False
desktop-32.ramos.com,172.26.199.181,CentOS 8,2,Operations,False
lt-47.johnson-kelly.com,172.25.196.206,Debian 11,16,Finance,True
desktop-64.burns.com,192.168.190.63,Debian 11,16,R&D,True
web-84.gilbert-carpenter.biz,172.19.79.30,CentOS 8,16,Finance,False
desktop-52.wright.com,172.29.199.151,Debian 11,64,HR,True
db-36.miller-palmer.com,192.168.144.32,Debian 11,64,Finance,True
srv-28.perry.com,10.70.115.171,Windows Server 2022,8,Operations,True
lt-71.ramirez.com,172.19.118.53,Windows Server 2022,32,IT,True
lt-76.romero-sweeney.com,10.124.207.59,Ubuntu 22.04,32,HR,False
srv-13.sanchez-powell.biz,192.168.221.121,Windows Server 2019,2,HR,True
laptop-49.duncan.net,10.50.21.83,Debian 11,16,Security,False
web-74.pope-williams.com,192.168.249.0,Debian 11,4,IT,True
email-70.dawson.com,172.26.31.40,Windows Server 2019,64,R&D,True
desktop-03.cohen-harris.com,10.89.250.78,Ubuntu 22.04,16,R&D,True
web-59.griffith-harris.com,192.168.39.32,Debian 11,8,R&D,True
web-70.carter.com,10.114.55.14,Debian 11,16,IT,True
srv-02.melendez.com,192.168.221.144,Debian 11,16,R&D,False
desktop-91.steele.net,10.174.52.93,Windows Server 2022,8,Finance,False
web-76.russell.com,10.20.248.234,Windows Server 2019,64,Operations,True
web-37.coleman-henderson.info,172.19.28.199,Windows Server 2019,16,Operations,False
web-01.chambers-blake.net,172.27.12.132,Debian 11,2,Security,False
lt-85.cochran-jimenez.com,192.168.2.151,Windows Server 2022,4,Finance,True
laptop-68.myers.info,172.31.19.78,Ubuntu 22.04,8,HR,True
desktop-21.hernandez.com,192.168.114.26,Ubuntu 22.04,16,IT,False
srv-67.anderson.com,172.26.146.159,Debian 11,2,HR,False
db-40.copeland.com,172.21.0.16,CentOS 8,2,Finance,True
laptop-87.simpson.net,192.168.226.125,Debian 11,8,Security,False
email-28.clements-wilkerson.com,10.104.171.62,Ubuntu 22.04,8,Operations,True
laptop-53.ramirez-moore.com,192.168.77.152,CentOS 8,16,Operations,True
laptop-82.rodriguez.com,192.168.171.16,Debian 11,2,Finance,False
db-21.tucker.org,10.102.149.111,Windows Server 2022,2,Security,True
laptop-38.wagner.com,192.168.110.33,Ubuntu 22.04,16,Security,True
laptop-18.smith.net,10.240.176.152,CentOS 8,16,HR,False
web-58.moon-frazier.com,172.21.184.168,Ubuntu 22.04,64,R&D,True
email-87.young.com,172.28.138.59,Debian 11,4,Finance,False
email-60.beck-sutton.com,10.237.151.46,Ubuntu 22.04,16,R&D,False
laptop-98.hansen.com,10.231.124.133,Ubuntu 22.04,32,Finance,False
laptop-56.mckee.info,172.16.95.50,Debian 11,16,IT,True
web-47.walker.com,192.168.168.189,Debian 11,2,Security,False
desktop-31.moore-johnson.com,10.133.206.27,Windows Server 2022,32,R&D,True
srv-69.bailey.com,10.233.104.158,CentOS 8,32,Security,True
desktop-15.vance-miller.com,172.30.199.186,Windows Server 2019,64,R&D,False
email-94.hudson-oconnell.com,10.227.7.189,Windows Server 2022,2,R&D,False
db-24.henderson.com,192.168.187.224,Windows Server 2019,8,IT,True
desktop-07.norris.net,10.115.132.216,Debian 11,4,Operations,False
web-49.cross.com,10.210.153.131,Windows Server 2022,64,Operations,False
db-51.jones.com,192.168.137.45,Ubuntu 22.04,16,Operations,False
desktop-30.gates.com,10.24.28.105,Debian 11,8,R&D,True
email-81.jones.com,10.108.211.13,Ubuntu 22.04,16,Operations,False
desktop-93.phillips.com,172.31.45.167,CentOS 8,2,IT,False
desktop-44.flores.com,172.23.255.84,Windows Server 2022,2,Operations,True
srv-81.bennett.com,192.168.213.154,Debian 11,4,IT,True
srv-97.fitzgerald-moore.com,192.168.209.225,Windows Server 2019,64,R&D,True
laptop-27.young.com,192.168.241.89,Ubuntu 22.04,32,Operations,True
lt-76.garcia-allen.net,192.168.207.140,Ubuntu 22.04,64,Finance,False
email-54.douglas.com,172.21.230.124,CentOS 8,32,Security,True
db-88.bradshaw.info,192.168.198.66,Debian 11,2,Security,True
srv-51.burgess-walker.org,10.63.17.150,Windows Server 2022,16,R&D,False
desktop-70.griffin.com,192.168.213.247,Windows Server 2019,16,R&D,False
desktop-74.barton-gilbert.org,10.36.56.55,Windows Server 2019,64,IT,False
web-51.chang.biz,172.16.183.143,Ubuntu 22.04,2,IT,True
lt-91.hester.com,10.53.189.198,Windows Server 2019,32,R&D,False
lt-57.taylor.biz,10.62.15.132,CentOS 8,32,HR,False
laptop-42.johnson.com,172.22.49.198,CentOS 8,2,Security,True
desktop-35.scott-sherman.com,172.19.241.222,Ubuntu 22.04,2,Operations,True
db-98.thomas-white.com,192.168.191.48,CentOS 8,16,IT,False
email-85.sanchez-rodriguez.com,192.168.142.181,Debian 11,8,IT,False
desktop-42.hines-woods.com,172.29.20.9,CentOS 8,16,Finance,True
lt-68.waters.info,192.168.209.37,Debian 11,32,Finance,False
srv-81.brewer.com,172.31.68.168,CentOS 8,2,Finance,False
laptop-66.bean.com,192.168.121.200,CentOS 8,16,Operations,True
db-45.wall-jones.info,172.18.187.28,Windows Server 2019,32,Finance,True
laptop-57.butler.org,192.168.199.219,Windows Server 2019,2,Finance,True
web-95.richardson.net,172.31.18.191,Windows Server 2019,64,IT,True
email-41.harrington-pierce.com,192.168.205.64,CentOS 8,8,Security,True
laptop-71.carney-anderson.com,172.21.248.253,Ubuntu 22.04,4,HR,False
lt-29.scott.com,172.16.199.115,Ubuntu 22.04,2,Finance,True
web-41.david.biz,192.168.22.70,Windows Server 2022,16,R&D,True
db-17.herrera-ewing.com,10.195.195.175,Windows Server 2022,4,IT,False
web-74.larson-lawrence.net,10.109.182.190,Ubuntu 22.04,4,R&D,False
db-14.bautista-mckenzie.com,10.59.62.50,Ubuntu 22.04,32,R&D,True
email-75.sosa.com,10.80.220.254,CentOS 8,64,IT,False
srv-01.grant-larson.info,192.168.29.4,Windows Server 2022,2,IT,True
laptop-16.huff.org,192.168.35.182,Windows Server 2022,32,Finance,True
srv-80.jones.com,192.168.228.217,Windows Server 2019,2,HR,False
db-41.harper.info,10.216.172.177,Windows Server 2019,32,IT,False
db-89.becker.info,192.168.244.146,CentOS 8,16,IT,True
web-66.johnson.biz,172.27.87.243,Windows Server 2019,8,HR,True
desktop-32.austin-chung.com,192.168.135.138,Windows Server 2022,64,Operations,True
db-62.greene.net,192.168.13.72,CentOS 8,32,Finance,False
srv-27.herman.com,10.216.255.179,Windows Server 2022,2,Security,False
lt-60.riley.info,10.162.100.137,Windows Server 2019,8,Operations,True
db-57.brown.com,172.19.72.21,Windows Server 2019,4,R&D,True
srv-69.hill-jones.com,172.29.174.181,Debian 11,2,HR,False
web-25.klein-barnett.com,10.159.204.8,Debian 11,16,Operations,False
laptop-18.flores.com,172.21.189.68,Windows Server 2019,32,Operations,True
desktop-39.hernandez-nelson.com,10.112.106.54,Windows Server 2022,8,Operations,False
email-46.hammond.com,192.168.238.4,Windows Server 2019,16,IT,True
db-85.campbell.com,192.168.232.26,CentOS 8,64,R&D,True
desktop-84.castillo.com,10.48.34.174,Windows Server 2019,64,Finance,False
lt-20.rodgers.com,192.168.222.32,Debian 11,32,IT,True
desktop-91.church.com,10.201.255.210,Windows Server 2022,4,R&D,False
srv-48.ramirez.com,172.25.186.170,Windows Server 2022,8,R&D,False
laptop-24.keller.com,172.28.174.104,Windows Server 2019,16,Operations,False
desktop-41.williams.biz,192.168.74.229,CentOS 8,2,R&D,False
srv-54.mcmahon.com,10.43.175.45,Ubuntu 22.04,8,Finance,False
web-26.smith.com,172.24.130.189,Ubuntu 22.04,2,R&D,True
srv-47.harris-middleton.org,192.168.9.183,Windows Server 2019,32,R&D,False
web-45.edwards.biz,172.19.0.194,Ubuntu 22.04,4,R&D,True
lt-13.crawford.com,10.80.15.162,Ubuntu 22.04,32,HR,True
db-96.hale-harmon.com,172.27.222.240,Windows Server 2019,32,Operations,True
db-38.aguilar.com,10.225.71.90,Debian 11,16,Finance,False
desktop-94.weber-grimes.com,192.168.122.39,Debian 11,4,R&D,True
email-19.terrell.com,172.25.136.130,Windows Server 2022,16,Finance,False
web-89.washington-chan.net,10.243.48.64,Ubuntu 22.04,64,Security,True
db-36.cochran.net,10.201.71.250,Debian 11,32,HR,True
email-87.barrett.com,10.229.151.30,Windows Server 2022,4,R&D,False
db-30.gonzales-fernandez.com,172.16.97.86,Windows Server 2019,32,IT,False
email-02.cooper-cole.com,172.27.160.212,Windows Server 2022,8,Operations,False
lt-86.mack.org,192.168.200.69,CentOS 8,8,Security,True
db-87.russell.com,10.45.161.12,Windows Server 2019,64,R&D,False
lt-27.carpenter.biz,172.17.173.226,CentOS 8,8,Security,True
lt-06.johnson-henderson.com,10.96.218.173,Debian 11,16,IT,True
lt-38.brooks-roberts.biz,192.168.9.80,Windows Server 2022,64,Operations,True
srv-25.thomas.com,10.253.233.204,Windows Server 2022,4,IT,False
lt-89.barnes-greene.com,192.168.173.232,Windows Server 2019,64,HR,True
email-44.brown.com,172.19.49.207,Debian 11,16,Finance,True
db-92.mccormick-morris.net,192.168.191.25,Debian 11,16,Security,True
db-06.molina.com,192.168.144.237,Ubuntu 22.04,16,IT,True
db-81.huff.net,192.168.179.43,Ubuntu 22.04,2,IT,False
db-72.salas.com,192.168.94.100,CentOS 8,2,Operations,True
desktop-60.davis.biz,192.168.47.14,Debian 11,2,IT,False
srv-31.cooke.com,192.168.101.165,Debian 11,8,Finance,True
db-54.hill.com,172.25.128.222,Windows Server 2022,8,Operations,True
lt-76.chang-lewis.com,10.2.253.105,Debian 11,2,Security,False
web-49.padilla.com,192.168.43.50,Ubuntu 22.04,16,Operations,True
laptop-20.white.net,192.168.131.194,Debian 11,4,R&D,False
laptop-24.pratt.com,172.27.112.61,CentOS 8,16,Security,False
desktop-43.smith.com,192.168.182.181,CentOS 8,2,HR,False
srv-53.garza-dudley.net,192.168.103.40,Windows Server 2019,8,IT,False
db-11.price.com,10.167.136.157,CentOS 8,32,Security,False
web-92.newman.info,172.20.154.178,CentOS 8,8,Finance,False
lt-52.roberts.net,192.168.51.134,Windows Server 2022,2,R&D,True
laptop-74.phillips.com,192.168.132.102,Debian 11,32,HR,True
srv-90.gallagher.com,192.168.41.19,Debian 11,32,IT,True
email-34.williams-davis.net,192.168.142.217,Ubuntu 22.04,8,HR,False
lt-20.villa.com,192.168.168.83,Windows Server 2022,4,Operations,False
laptop-44.hawkins.biz,172.26.139.245,Windows Server 2019,32,IT,True
email-20.johnson-williams.org,172.17.151.45,Ubuntu 22.04,8,HR,False
db-79.fleming-moran.biz,172.24.94.155,Windows Server 2019,4,Finance,True
srv-32.wu.com,10.158.59.9,Windows Server 2019,8,HR,False
laptop-29.bates-baldwin.com,10.48.244.84,Ubuntu 22.04,64,Operations,False
db-41.smith.com,192.168.73.72,Ubuntu 22.04,16,Finance,False
laptop-91.ford.net,10.232.48.187,Windows Server 2019,2,Operations,True
desktop-06.garcia.com,172.25.224.7,Windows Server 2022,4,Finance,True
lt-44.ruiz.info,192.168.245.199,Windows Server 2019,32,HR,False
web-73.massey.com,172.16.246.220,Debian 11,2,Security,True
laptop-21.johnson.com,192.168.171.120,CentOS 8,64,Finance,True
web-99.reyes.info,172.21.153.208,CentOS 8,32,IT,False
email-89.marks.com,10.68.234.224,Ubuntu 22.04,64,HR,True
email-79.lowe.biz,192.168.191.13,Debian 11,16,Finance,True
db-57.price-robinson.biz,10.181.95.96,CentOS 8,8,IT,True
lt-59.choi.com,10.26.216.115,Ubuntu 22.04,32,R&D,False
desktop-53.campos-carroll.info,10.87.58.247,Ubuntu 22.04,16,R&D,False
srv-75.lowe-chan.info,172.17.224.80,Debian 11,64,R&D,False
laptop-54.warren.net,10.40.204.78,Windows Server 2019,16,R&D,False
desktop-06.burns.org,172.23.33.224,Debian 11,64,Security,True
email-33.rodriguez-ingram.com,172.20.194.203,Windows Server 2022,2,Operations,True
srv-09.rodriguez-ramsey.com,192.168.72.28,CentOS 8,64,Security,True
lt-21.hodges-williams.com,172.24.175.49,Windows Server 2022,4,IT,True
laptop-81.shields.com,172.29.68.58,Ubuntu 22.04,32,Operations,True
laptop-16.jones.com,192.168.96.138,Debian 11,64,R&D,True
email-47.mclaughlin.com,192.168.184.187,Debian 11,4,HR,True
srv-06.williams-jones.com,10.112.96.232,Debian 11,2,Finance,True
web-51.brown.com,192.168.168.39,Ubuntu 22.04,4,HR,False
email-68.shelton.com,172.22.198.179,Ubuntu 22.04,32,Finance,True
web-55.castro.org,10.19.254.235,Ubuntu 22.04,4,HR,True
email-12.bailey.com,192.168.4.9,Debian 11,16,Operations,False
email-80.white.com,192.168.44.142,Windows Server 2019,64,HR,True
web-22.smith-wells.info,10.251.229.172,Ubuntu 22.04,2,Operations,False
desktop-58.kelly-jones.org,192.168.79.151,Ubuntu 22.04,2,Finance,True
lt-64.cruz.info,172.17.150.134,Debian 11,4,Operations,False
srv-18.guerrero.com,10.230.130.24,Windows Server 2019,2,HR,True
email-52.holt.com,172.30.33.28,Debian 11,64,Finance,False
lt-54.carr-mcconnell.com,10.80.39.234,Debian 11,8,Finance,True
lt-58.day.com,10.114.96.219,Windows Server 2019,2,Operations,True
lt-12.morris.com,10.19.218.128,Debian 11,16,Security,False
web-60.martinez-abbott.com,172.18.229.247,CentOS 8,4,Operations,False
lt-78.rosales.com,10.202.236.85,Windows Server 2019,32,Operations,True
email-05.guerrero.net,172.16.103.49,Debian 11,2,HR,False
desktop-38.lewis-lee.net,192.168.55.215,Ubuntu 22.04,4,Finance,True
lt-64.smith.info,192.168.126.36,Windows Server 2022,4,R&D,False
db-15.rodriguez.biz,192.168.134.87,Windows Server 2019,8,HR,True
db-64.brooks-lopez.com,10.219.16.139,CentOS 8,64,Finance,False
email-94.smith.net,10.62.194.101,Debian 11,4,R&D,True
lt-94.butler.com,10.138.179.46,Windows Server 2022,16,Operations,True
lt-76.mueller-graham.com,10.25.200.234,Windows Server 2019,32,IT,True
lt-80.martinez.info,172.26.120.63,Windows Server 2019,2,Finance,False
email-58.combs-callahan.com,192.168.40.223,Ubuntu 22.04,32,HR,False
db-01.williamson-watson.net,192.168.3.184,Windows Server 2022,32,HR,True
lt-28.mason-callahan.info,10.86.199.196,Ubuntu 22.04,32,Finance,False
db-42.patton-miller.org,172.30.150.124,Windows Server 2022,32,HR,True
laptop-04.harrell.com,10.188.178.159,Debian 11,32,Finance,True
laptop-52.woods-stewart.com,172.19.252.107,Debian 11,4,HR,True
web-84.gamble-king.info,10.192.145.27,Debian 11,4,HR,False
db-81.morris.com,10.243.170.159,Windows Server 2022,2,Finance,False
srv-65.mann-nguyen.org,10.168.246.44,Windows Server 2019,64,Finance,True
desktop-59.bond-collins.com,10.221.247.141,Windows Server 2022,32,IT,True
db-78.barnett-green.com,10.71.57.186,Windows Server 2019,8,IT,True
email-47.jones-murphy.com,172.26.1.50,Ubuntu 22.04,16,IT,False
laptop-79.glover.com,10.83.115.79,Ubuntu 22.04,64,R&D,False
laptop-28.holloway.info,172.22.252.194,Debian 11,4,HR,False
lt-80.oconnell.com,10.159.239.221,Ubuntu 22.04,16,Security,False
srv-06.randolph.com,192.168.86.120,Debian 11,8,HR,False
db-54.moore.biz,10.33.51.244,CentOS 8,64,Security,True
desktop-59.patterson.biz,172.28.237.102,Ubuntu 22.04,16,R&D,True
web-78.martin-patel.com,192.168.249.177,Debian 11,32,Security,False
email-60.robles.net,192.168.108.159,CentOS 8,2,IT,True
email-54.fox.org,10.248.53.25,Windows Server 2022,32,IT,False
db-63.gray-foster.info,10.136.186.253,CentOS 8,2,Security,False
email-33.waters.com,192.168.211.30,Ubuntu 22.04,64,Finance,False
email-76.williams.com,192.168.170.60,Windows Server 2019,64,IT,False
srv-34.carrillo-murray.com,192.168.131.45,Windows Server 2022,8,R&D,False
db-11.dixon-mendez.com,192.168.7.150,CentOS 8,16,IT,False
srv-58.perkins.com,172.16.98.163,Ubuntu 22.04,32,Security,True
email-45.doyle.com,172.27.120.55,Debian 11,16,Operations,True
srv-83.edwards.com,172.26.85.116,Ubuntu 22.04,4,Finance,False
desktop-31.rodriguez.com,10.54.142.241,Windows Server 2019,2,Finance,True
db-84.martinez.com,192.168.174.213,CentOS 8,2,HR,False
web-76.wilson.com,10.130.234.34,Windows Server 2019,2,R&D,False
desktop-33.jenkins.net,172.19.125.234,Windows Server 2019,8,HR,False
email-85.ellis.net,172.27.246.23,Windows Server 2019,8,HR,False
db-93.phelps.com,10.13.72.197,Windows Server 2022,2,Operations,True
email-23.morris.biz,192.168.224.212,Ubuntu 22.04,2,Finance,False
lt-75.henderson.com,172.21.50.98,Ubuntu 22.04,2,HR,False
laptop-31.brooks-turner.com,172.20.135.246,Windows Server 2022,8,Finance,True
db-34.jenkins-castro.org,192.168.54.59,Windows Server 2019,2,HR,False
email-17.harrison-nash.com,192.168.43.200,CentOS 8,4,HR,True
desktop-55.miller.biz,172.22.103.248,Ubuntu 22.04,32,R&D,False
desktop-48.phillips-roy.com,172.22.226.75,Debian 11,4,Finance,False
db-96.parker.com,10.38.54.16,Debian 11,2,Finance,False
srv-27.austin.com,172.18.56.68,Windows Server 2022,32,IT,True
srv-01.howard-villanueva.com,192.168.227.134,Ubuntu 22.04,4,Operations,True
lt-56.hansen.net,172.18.237.38,CentOS 8,2,R&D,False
web-09.fry.com,10.253.93.76,Windows Server 2022,16,Operations,True
desktop-85.tran-allen.org,172.31.57.117,Ubuntu 22.04,4,Finance,False
web-55.jenkins-soto.org,172.16.166.2,CentOS 8,32,R&D,True
laptop-07.wagner-martinez.org,192.168.123.54,Debian 11,2,Security,False
db-89.conner-macias.info,172.29.48.192,Windows Server 2022,4,Operations,False
email-14.raymond.com,192.168.218.96,Windows Server 2019,16,Security,True
web-24.kent.biz,10.33.149.53,Ubuntu 22.04,32,R&D,False
desktop-10.bush.info,172.18.89.49,Debian 11,32,IT,True
laptop-31.johnson.org,172.25.136.48,CentOS 8,16,Operations,False
web-99.walker.net,10.167.64.232,CentOS 8,2,IT,True
email-53.marshall-wilson.com,172.24.222.11,Debian 11,8,Security,True
srv-05.drake-moore.info,10.241.216.180,Debian 11,16,HR,False
srv-56.lee.org,172.23.175.80,Debian 11,4,Operations,False
desktop-31.lynch.com,192.168.223.16,Windows Server 2019,16,R&D,True
db-46.thompson.com,192.168.24.138,CentOS 8,2,HR,True
srv-48.rivera-morgan.com,192.168.154.139,Windows Server 2022,8,IT,False
db-94.price.com,192.168.25.81,Debian 11,8,R&D,True
email-45.chen.com,10.239.162.105,Ubuntu 22.04,4,HR,True
srv-67.willis-lee.com,10.219.130.126,CentOS 8,16,Operations,False
web-31.martinez-parker.com,192.168.91.246,Windows Server 2022,64,R&D,False
desktop-67.miller-jones.com,192.168.180.45,Windows Server 2019,16,R&D,False
db-43.hall.org,172.22.84.73,Windows Server 2022,64,Finance,True
lt-99.wilkinson.com,10.251.191.140,CentOS 8,4,Security,True
email-28.tate-miller.com,172.27.232.124,CentOS 8,32,Security,True
web-54.sullivan.com,10.184.150.170,Ubuntu 22.04,8,Security,False
laptop-90.hernandez.com,10.210.252.118,Ubuntu 22.04,64,R&D,False
db-73.lester.com,172.31.145.28,Ubuntu 22.04,4,Operations,False
email-16.lewis.com,172.30.43.213,CentOS 8,64,Operations,False
lt-71.williams.com,172.16.82.39,Ubuntu 22.04,2,IT,True
laptop-73.holt-guerrero.com,192.168.251.216,Debian 11,2,HR,True
web-95.jackson-jackson.info,192.168.82.152,Ubuntu 22.04,8,Finance,True
lt-27.carlson-barnes.com,192.168.112.95,Windows Server 2022,32,Finance,False
lt-39.ramirez.com,172.18.86.109,Windows Server 2022,8,HR,False
email-71.robinson-cox.com,192.168.148.123,Windows Server 2022,64,Security,True
lt-41.williams-harris.com,192.168.249.79,Windows Server 2019,2,Finance,True
srv-29.gray.biz,172.17.147.133,Windows Server 2022,2,Finance,True
laptop-22.alexander-reyes.com,192.168.151.31,CentOS 8,2,IT,False
web-16.saunders.org,192.168.67.215,CentOS 8,64,Operations,False
laptop-38.gentry.info,10.245.96.95,Windows Server 2019,8,Finance,True
desktop-81.lane.com,10.176.200.216,Debian 11,16,Finance,True
lt-75.saunders.net,10.228.116.172,Debian 11,64,Security,False
db-51.haynes.com,172.27.211.61,Windows Server 2019,8,Finance,False
db-20.white-schultz.com,172.28.158.194,Ubuntu 22.04,2,IT,False
desktop-32.payne.net,172.26.123.199,Windows Server 2019,8,IT,True
desktop-73.frazier.com,10.112.187.25,Windows Server 2019,16,Operations,False
srv-92.ross.info,10.239.222.40,Windows Server 2022,4,R&D,False
web-30.robinson.com,172.29.112.163,Debian 11,16,Operations,False
laptop-86.henry.com,172.30.38.153,Ubuntu 22.04,32,Security,True
db-37.berry.com,192.168.153.189,Windows Server 2019,32,HR,False
web-86.adams.com,10.237.109.8,Windows Server 2019,4,Finance,False
web-88.ramirez.com,172.26.9.5,Ubuntu 22.04,8,HR,False
db-88.adams.com,192.168.156.99,CentOS 8,4,HR,False
web-35.rhodes-nelson.com,10.19.129.94,Windows Server 2022,64,R&D,True
laptop-79.middleton-robertson.com,172.31.248.6,Windows Server 2019,16,R&D,True
laptop-38.alvarez.com,192.168.188.15,CentOS 8,2,Finance,True
lt-91.mayo.net,192.168.156.255,Windows Server 2019,8,Finance,True
lt-92.frank.info,10.202.144.135,Debian 11,2,R&D,True
srv-10.hunt-wiggins.info,10.62.172.29,CentOS 8,8,Finance,True
email-28.patrick-hill.com,192.168.197.212,Debian 11,16,Security,True
desktop-35.kaufman.net,172.19.198.143,Ubuntu 22.04,64,HR,True
laptop-32.griffin-mcgee.com,192.168.122.112,Ubuntu 22.04,8,IT,True
lt-30.robertson.com,172.24.1.51,CentOS 8,8,IT,False
web-71.hughes-smith.com,10.104.87.154,Windows Server 2019,2,Operations,True
email-24.moore.org,192.168.127.30,Debian 11,16,IT,False
laptop-59.ochoa-lyons.net,10.143.180.82,Debian 11,4,IT,False
lt-09.jacobs.info,172.20.45.239,Debian 11,8,IT,True
srv-77.young.com,10.205.51.220,Debian 11,32,Operations,True
db-61.phillips.info,192.168.170.30,Windows Server 2022,4,Security,False
srv-48.stuart.biz,10.213.11.224,Ubuntu 22.04,64,Security,False
srv-47.lewis.org,172.17.90.17,Debian 11,2,IT,True
email-67.dixon.com,172.24.31.56,Debian 11,8,Operations,False
web-13.brooks.com,172.19.118.133,Windows Server 2019,16,R&D,True
db-54.williams.biz,10.19.205.37,Debian 11,4,R&D,False
email-22.brown.net,10.0.176.38,Ubuntu 22.04,4,Operations,True
lt-99.allen.biz,10.209.74.176,Ubuntu 22.04,4,IT,False
email-47.swanson-smith.com,172.30.195.55,Debian 11,32,Operations,True
laptop-47.stevens-white.biz,192.168.91.103,Ubuntu 22.04,4,Finance,False
web-74.roberts.com,192.168.83.60,Windows Server 2019,16,Operations,False
web-34.clark.com,192.168.248.88,CentOS 8,4,HR,False
srv-39.sheppard.info,10.192.34.58,Ubuntu 22.04,8,IT,True
desktop-63.aguilar-fernandez.biz,10.151.254.81,Windows Server 2022,16,R&D,True
email-98.rogers.biz,172.28.2.244,Windows Server 2022,64,Operations,False
lt-09.garrett.com,192.168.70.36,Debian 11,2,Security,True
email-98.bryant-davis.com,10.211.198.172,Ubuntu 22.04,8,HR,True
laptop-37.roth.com,172.24.181.46,Windows Server 2019,8,R&D,False
srv-88.cruz-harris.com,10.38.140.94,Debian 11,32,Security,False
lt-21.schultz-bullock.com,172.21.157.253,Windows Server 2022,64,R&D,True
laptop-67.callahan-hernandez.com,192.168.163.104,Ubuntu 22.04,8,IT,True
laptop-49.wood-douglas.com,172.30.120.43,CentOS 8,32,Operations,False
web-39.steele.com,10.161.164.90,Debian 11,16,Operations,True
web-19.rodriguez.org,10.66.55.150,Windows Server 2022,64,Operations,False
lt-91.brennan.com,10.144.158.132,Windows Server 2019,16,HR,True
srv-24.tucker-aguilar.com,172.24.7.166,CentOS 8,32,Operations,False
laptop-51.robinson.com,172.17.22.235,Windows Server 2022,64,Operations,False
srv-58.taylor-stewart.com,172.25.64.237,Windows Server 2022,8,Operations,False
srv-57.wolf.com,172.29.108.156,Windows Server 2019,2,R&D,False
web-51.alvarado.info,10.122.74.248,Windows Server 2019,4,HR,False
lt-58.nguyen-ellis.org,172.25.26.8,Windows Server 2019,8,IT,True
email-88.stephens.com,172.20.159.45,Debian 11,32,HR,False
web-55.ruiz-bailey.info,10.170.223.138,CentOS 8,2,Operations,True
laptop-58.taylor-bernard.info,172.27.200.174,Ubuntu 22.04,64,Security,True
srv-61.jordan.com,172.29.132.214,Windows Server 2022,8,IT,False
web-45.tyler.com,192.168.52.3,Windows Server 2019,8,HR,False
email-73.white-young.com,192.168.109.195,CentOS 8,16,R&D,True
email-08.green.biz,172.30.196.140,Windows Server 2022,16,Finance,False
desktop-89.andrews.com,10.254.64.110,Debian 11,2,Finance,True
db-72.gaines-owen.com,172.19.138.142,Windows Server 2019,32,IT,False
lt-61.richardson.com,10.55.180.208,Windows Server 2022,16,R&D,False
web-88.brooks.com,172.20.227.103,CentOS 8,8,HR,True
email-76.williams.com,10.171.136.43,Ubuntu 22.04,64,R&D,True
email-44.king.info,192.168.26.32,Ubuntu 22.04,4,HR,True
desktop-95.kirby-allen.com,192.168.235.134,Windows Server 2022,16,IT,True
lt-56.perkins-washington.com,10.1.85.187,Debian 11,32,Finance,False
db-28.gonzalez.biz,192.168.58.29,Ubuntu 22.04,8,Finance,True
laptop-48.alexander.info,10.177.217.162,Debian 11,64,HR,True
srv-41.avila.com,172.30.27.214,CentOS 8,2,HR,True
email-71.alvarez-rangel.biz,172.16.169.180,Debian 11,64,HR,True
db-01.anderson.net,10.32.189.34,Windows Server 2019,16,Security,True
desktop-99.holland.com,172.22.200.203,Debian 11,2,Finance,False
lt-03.graves-rodriguez.com,172.18.2.111,CentOS 8,4,HR,False
lt-98.bauer-rios.com,172.30.231.124,CentOS 8,8,Security,True
lt-81.morris.com,192.168.245.227,CentOS 8,2,HR,False
laptop-31.meyer.net,192.168.135.34,Windows Server 2019,4,HR,True
lt-43.best-ramirez.com,10.28.251.231,CentOS 8,8,HR,True
db-40.hall-rivas.com,192.168.72.14,Ubuntu 22.04,64,Finance,False
web-52.lee.com,192.168.246.158,Windows Server 2022,4,HR,False
laptop-43.black-campbell.com,10.160.17.28,CentOS 8,2,HR,True
email-17.hernandez-hudson.com,10.112.25.16,CentOS 8,4,Operations,False
lt-15.brown.info,172.29.101.229,Ubuntu 22.04,4,Operations,True
email-01.martinez.com,192.168.95.17,CentOS 8,4,Security,True
lt-52.maddox.com,10.151.79.182,Windows Server 2022,64,IT,False
desktop-16.keller.com,172.23.142.157,Debian 11,2,HR,True
srv-93.hayes-parker.com,10.169.60.191,Windows Server 2019,64,R&D,False
web-40.taylor-phillips.com,172.21.62.202,Windows Server 2019,2,Security,False
srv-05.page-phillips.net,192.168.221.29,Windows Server 2022,16,IT,True
db-80.ortega.com,172.17.38.111,CentOS 8,8,Operations,False
srv-11.jones.com,172.26.74.10,CentOS 8,4,HR,False
srv-51.moyer.com,192.168.159.244,Ubuntu 22.04,8,Security,False
email-67.watson.com,192.168.75.115,Windows Server 2019,4,IT,False
desktop-17.todd.com,10.163.81.198,CentOS 8,8,Finance,False
lt-16.holmes.com,192.168.136.239,Debian 11,2,HR,True
lt-63.santiago-mejia.info,192.168.151.156,CentOS 8,2,Finance,True
desktop-26.gutierrez-allen.info,10.182.227.191,Ubuntu 22.04,8,R&D,False
srv-29.thomas-jones.com,10.26.212.130,Ubuntu 22.04,2,Security,True
desktop-31.kelly-gaines.com,10.6.95.39,Windows Server 2019,32,Security,True
email-66.li.biz,192.168.46.71,Debian 11,8,Finance,True
laptop-66.kennedy-richardson.org,10.43.35.150,Windows Server 2022,64,IT,True
db-07.wallace.org,192.168.98.190,Debian 11,4,HR,False
laptop-47.abbott.net,172.31.52.43,Windows Server 2022,64,Operations,True
web-00.woods-brown.com,192.168.181.216,Windows Server 2019,32,Finance,False
srv-91.chen.com,192.168.164.4,Windows Server 2022,4,R&D,True
db-28.weber.com,192.168.24.204,Ubuntu 22.04,16,R&D,False
laptop-22.gallegos.com,172.21.59.22,Windows Server 2022,16,Finance,False
lt-24.bender.com,192.168.15.12,Windows Server 2022,2,Operations,False
srv-68.russell-foster.com,10.41.196.59,Ubuntu 22.04,16,IT,True
laptop-86.thompson.com,192.168.15.85,CentOS 8,64,Finance,True
srv-43.campbell-scott.com,10.1.56.148,CentOS 8,8,IT,False
srv-06.cook.com,172.24.238.113,Windows Server 2022,4,IT,True
web-98.fox.com,10.229.46.22,CentOS 8,2,HR,True
lt-62.walker.net,192.168.102.95,CentOS 8,16,Finance,True
email-41.owens-gomez.com,192.168.216.217,Ubuntu 22.04,32,IT,True
srv-80.smith.biz,172.30.86.235,Debian 11,32,IT,False
srv-11.mcknight.net,172.31.159.70,CentOS 8,16,IT,False
web-59.willis-brown.com,192.168.252.137,Ubuntu 22.04,32,Finance,True
srv-11.powell-simmons.com,10.22.171.42,Ubuntu 22.04,2,HR,True
db-38.noble-wang.net,172.28.237.254,CentOS 8,64,R&D,False
srv-31.jackson.info,192.168.14.161,Debian 11,64,R&D,False
email-69.byrd.org,10.233.189.196,Ubuntu 22.04,4,Finance,True
srv-50.knight.com,10.159.8.48,Debian 11,32,Security,False
lt-60.mccarthy-arias.info,192.168.29.252,CentOS 8,4,Security,False
web-53.holloway.com,172.17.216.133,Debian 11,2,HR,True
db-10.mason.com,172.21.137.138,Windows Server 2019,64,HR,False
srv-11.perez.info,172.18.139.161,Windows Server 2022,16,Finance,True
db-61.ritter.biz,192.168.197.116,Debian 11,8,Security,False
web-91.singh-wilcox.net,172.31.221.251,Debian 11,64,Security,True
web-69.quinn.com,192.168.247.78,Ubuntu 22.04,16,HR,True
db-62.johnson.biz,172.29.162.135,Windows Server 2019,4,Security,False
desktop-17.hall.org,10.207.152.110,Debian 11,16,Security,False
lt-89.tran.org,10.180.147.133,Windows Server 2022,16,IT,True
laptop-89.vasquez.net,192.168.72.171,Windows Server 2022,32,Operations,True
laptop-12.myers.org,172.21.252.247,Windows Server 2019,16,HR,False
desktop-93.johnson-jefferson.biz,172.26.177.175,Windows Server 2019,2,R&D,True
email-09.macias.biz,192.168.211.34,CentOS 8,32,R&D,True
desktop-66.parker.org,10.60.55.232,CentOS 8,32,Security,True
db-87.diaz.net,172.28.92.40,Windows Server 2019,32,Operations,True
db-85.lam.com,192.168.132.216,Ubuntu 22.04,4,HR,True
desktop-35.rivera.com,192.168.104.18,Windows Server 2022,16,Operations,False
db-23.farmer.com,192.168.134.55,Ubuntu 22.04,2,IT,False
lt-31.alexander.info,172.20.246.179,CentOS 8,4,R&D,True
srv-87.ward-whitney.info,192.168.255.2,Windows Server 2019,64,R&D,True
desktop-97.rivers.com,172.30.206.213,Windows Server 2019,8,Security,False
db-03.fox-jones.com,192.168.185.56,Windows Server 2019,4,R&D,False
web-49.hall.info,172.26.7.109,Windows Server 2022,64,HR,True
srv-34.gonzalez.biz,192.168.168.85,Windows Server 2019,4,Operations,False
laptop-95.long-gonzalez.com,10.253.103.165,Debian 11,32,Security,True
desktop-91.cummings-kelley.com,172.24.22.205,CentOS 8,4,IT,True
web-49.clark.com,10.74.8.60,Debian 11,64,IT,True
email-51.sanford-hernandez.com,192.168.229.225,Debian 11,8,Finance,True
srv-00.castillo.com,10.92.203.144,CentOS 8,8,HR,False
laptop-54.porter-wilson.biz,10.191.176.235,Windows Server 2022,16,Finance,False
srv-33.smith-white.org,192.168.52.155,Ubuntu 22.04,64,Finance,True
laptop-32.salinas.info,192.168.252.252,CentOS 8,64,R&D,True
db-83.maxwell.com,172.22.56.118,Ubuntu 22.04,8,R&D,True
db-94.carpenter.com,172.25.105.22,Ubuntu 22.04,2,HR,True
email-13.mendoza.com,172.20.155.154,Windows Server 2022,4,Finance,False
desktop-55.sharp-rodriguez.com,192.168.176.245,Windows Server 2022,16,HR,False
lt-99.burns.com,172.18.229.110,CentOS 8,64,HR,True
email-17.lewis-williams.com,172.26.121.252,Windows Server 2022,16,Operations,False
desktop-75.thompson.biz,192.168.36.230,Ubuntu 22.04,16,Finance,True
laptop-44.carr-clark.com,172.23.229.198,Ubuntu 22.04,8,HR,False
email-97.mitchell.com,192.168.107.23,Windows Server 2022,2,R&D,True
laptop-95.williams.net,10.24.67.213,CentOS 8,64,HR,False
web-56.christensen-taylor.com,10.214.205.64,Windows Server 2019,16,HR,True
srv-40.martin.info,10.183.14.143,Ubuntu 22.04,2,R&D,False
laptop-00.fisher.net,10.94.205.249,Windows Server 2022,64,R&D,True
web-47.burgess.biz,192.168.4.197,CentOS 8,32,HR,True
desktop-81.myers-moss.com,10.34.168.255,CentOS 8,2,R&D,True
srv-71.harrington-jenkins.com,10.28.163.112,Windows Server 2022,8,R&D,True
email-87.cortez.info,10.88.102.143,Windows Server 2019,32,IT,True
db-20.jackson-martin.com,192.168.54.138,Windows Server 2019,8,IT,True
srv-70.marshall-garcia.com,10.118.47.67,Debian 11,8,Operations,True
db-46.cruz.org,10.47.151.82,Windows Server 2019,32,HR,False
web-35.west-gardner.com,192.168.211.190,CentOS 8,4,Operations,False
web-01.johnson.com,10.107.84.239,CentOS 8,32,HR,False
laptop-92.marsh.net,192.168.143.133,Ubuntu 22.04,16,R&D,False
lt-65.meyer.biz,172.25.0.103,Ubuntu 22.04,32,Finance,True
desktop-39.yates.com,192.168.14.233,Windows Server 2019,2,Finance,True
srv-36.turner-roman.com,192.168.176.37,CentOS 8,16,Finance,False
laptop-34.williams.com,10.177.23.120,Windows Server 2019,8,HR,False
web-94.henderson-butler.net,172.28.127.199,Debian 11,4,IT,False
desktop-63.barton-jackson.com,10.180.81.204,Ubuntu 22.04,32,Finance,True
laptop-72.klein.info,192.168.252.40,Windows Server 2022,64,HR,False
db-82.gallegos-rogers.com,172.31.239.251,Windows Server 2022,8,HR,False
web-86.williams-martinez.org,10.244.175.250,Windows Server 2022,4,Security,False
web-32.morrow.info,172.28.110.142,Ubuntu 22.04,4,Finance,True
laptop-46.washington.biz,192.168.215.178,Debian 11,8,Security,True
db-11.preston.com,172.21.54.150,CentOS 8,8,R&D,True
lt-16.smith-keller.com,10.138.134.67,Debian 11,2,Finance,False
lt-66.peters.info,10.209.150.192,Ubuntu 22.04,4,HR,True
email-24.barnes.com,10.80.102.71,Ubuntu 22.04,2,Finance,True
desktop-26.williams.org,10.58.200.86,Ubuntu 22.04,64,Operations,True
desktop-76.hill.com,10.245.245.126,Debian 11,2,R&D,False
lt-13.adams.info,10.137.195.183,CentOS 8,16,Finance,True
desktop-81.graham.org,10.205.64.177,Windows Server 2022,2,R&D,False
laptop-90.anderson.info,10.12.119.11,Debian 11,4,R&D,True
web-78.bentley.com,172.19.184.59,Ubuntu 22.04,4,HR,True
laptop-70.mora.com,172.24.45.173,Windows Server 2022,16,Security,True
db-15.kim.org,172.16.6.54,CentOS 8,4,Finance,False
db-18.conley.com,172.23.159.214,Windows Server 2019,2,IT,True
srv-42.carrillo-jimenez.info,192.168.204.21,Windows Server 2019,32,HR,False
laptop-71.ryan-king.net,192.168.220.139,Windows Server 2022,32,Finance,False
desktop-71.pearson.org,10.119.127.15,Windows Server 2019,4,Finance,False
srv-40.moreno-oconnell.net,172.28.178.85,Ubuntu 22.04,16,IT,True
db-37.hart.net,172.30.78.219,CentOS 8,4,R&D,False
web-84.berg-marsh.com,192.168.186.145,Windows Server 2019,8,IT,True
web-84.mccoy-burton.org,192.168.28.170,Ubuntu 22.04,64,IT,True
db-99.roy.com,10.57.132.58,Debian 11,32,HR,False
email-41.sanders.com,192.168.201.188,Debian 11,4,R&D,False
email-93.walter.com,10.252.111.118,CentOS 8,2,Finance,True
srv-39.walker.com,192.168.70.161,Ubuntu 22.04,4,IT,True
lt-71.bonilla-banks.info,10.26.81.206,Ubuntu 22.04,2,Operations,True
email-20.mcdonald.com,192.168.33.128,Windows Server 2019,2,R&D,False
srv-74.bowen.biz,172.20.78.64,CentOS 8,32,Operations,True
lt-45.freeman.com,10.194.246.188,Windows Server 2022,8,Finance,False
desktop-25.hess.net,192.168.210.115,Ubuntu 22.04,2,HR,False
srv-41.dawson.com,10.114.123.213,Windows Server 2022,4,HR,False
srv-75.blake.org,172.24.80.76,Debian 11,4,Operations,False
db-09.roberts.org,192.168.190.15,Windows Server 2022,64,Security,True
srv-53.savage.com,172.17.161.64,Debian 11,16,R&D,True
email-23.brown.com,192.168.183.212,Windows Server 2022,2,Security,False
lt-02.stein.com,172.24.189.126,Windows Server 2022,64,Finance,False
db-31.osborne.biz,10.232.241.253,CentOS 8,2,Finance,False
web-50.mitchell-gregory.com,10.36.86.92,Windows Server 2019,8,IT,False
laptop-93.smith.com,192.168.4.68,Windows Server 2022,4,HR,True
srv-46.orozco.com,10.131.213.234,Ubuntu 22.04,8,IT,True
lt-42.brown.biz,172.17.63.215,Windows Server 2022,2,HR,True
lt-34.ramos.info,10.9.75.182,Windows Server 2019,32,HR,True
email-75.perez.org,192.168.35.118,Ubuntu 22.04,64,Finance,False
desktop-37.nguyen-shelton.net,10.170.144.10,CentOS 8,2,R&D,False
web-79.baker-wall.org,10.123.71.12,CentOS 8,2,IT,True
email-99.glenn-wallace.com,10.65.229.145,Debian 11,32,Security,True
lt-50.boyd-calderon.com,172.20.141.87,Ubuntu 22.04,32,IT,False
desktop-95.williams-wood.com,172.27.79.126,Windows Server 2022,8,Operations,True
lt-33.walker.com,172.24.207.23,Ubuntu 22.04,4,Finance,False
lt-13.banks.com,192.168.250.234,Windows Server 2019,16,Operations,True
lt-31.camacho.com,10.36.128.166,Windows Server 2022,4,Security,False
lt-97.summers.com,192.168.36.155,Windows Server 2022,64,Operations,False
srv-16.walls.com,172.21.202.36,Windows Server 2022,64,IT,True
laptop-02.hogan.com,10.113.184.118,Windows Server 2019,64,Finance,True
desktop-66.fox-johnson.com,172.16.213.160,Windows Server 2019,2,R&D,True
lt-26.garcia.net,10.18.88.215,Windows Server 2022,16,Security,True
email-86.mcpherson-smith.com,172.22.157.255,CentOS 8,64,R&D,True
db-63.moore.com,192.168.182.83,Ubuntu 22.04,8,HR,True
email-13.ellison.com,172.28.182.211,Windows Server 2019,32,Operations,True
email-44.foster.biz,192.168.10.27,Ubuntu 22.04,32,HR,True
lt-55.weiss-smith.org,192.168.204.33,CentOS 8,32,R&D,True
desktop-34.patel-mccall.com,172.17.253.35,Debian 11,4,HR,False
web-00.serrano.org,10.155.252.209,CentOS 8,4,HR,False
desktop-07.johnson.org,172.16.184.211,Ubuntu 22.04,64,Security,True
srv-35.martin.com,192.168.34.48,Windows Server 2022,16,Finance,True
lt-42.harmon.net,172.31.147.218,CentOS 8,32,HR,True
srv-61.owens.com,172.22.117.9,Ubuntu 22.04,8,Security,False
desktop-17.glover-cowan.com,10.104.174.118,Windows Server 2022,8,HR,False
lt-79.benjamin.com,192.168.58.68,Ubuntu 22.04,64,Finance,True
web-02.carlson-lawson.com,10.179.115.113,Windows Server 2019,16,R&D,False
email-20.bass.biz,172.22.150.147,Windows Server 2022,8,IT,False
desktop-17.oconnell-wilson.biz,172.31.52.66,Windows Server 2022,8,Operations,False
web-01.miller.info,172.20.199.141,CentOS 8,4,Operations,True
desktop-76.garcia-thomas.com,192.168.162.137,Windows Server 2022,16,R&D,True
db-64.jackson-benson.net,172.29.221.247,Debian 11,2,IT,True
email-46.smith.com,172.18.49.137,CentOS 8,16,HR,True
web-25.ballard.com,10.126.216.110,Windows Server 2019,8,Operations,False
lt-40.rosario-goodman.org,10.124.207.1,Windows Server 2022,32,Security,True
db-77.walker.info,172.22.176.177,Windows Server 2022,8,HR,False
web-40.santos.com,172.29.225.196,Windows Server 2019,16,Operations,False
db-96.simpson.com,192.168.153.238,Ubuntu 22.04,16,R&D,True
desktop-71.morris.com,10.175.175.255,Windows Server 2019,32,IT,False
email-14.nguyen.com,10.69.216.107,Debian 11,4,Security,False
web-81.hayes.com,172.19.140.76,Windows Server 2022,32,R&D,False
lt-09.cantu.com,192.168.157.102,CentOS 8,4,Finance,True
email-15.perkins.com,172.24.212.228,Windows Server 2022,2,Operations,True
lt-39.clayton.com,10.96.26.38,Windows Server 2019,8,R&D,True
db-39.barnett.net,192.168.24.158,Windows Server 2019,2,Operations,True
db-49.oneal.com,172.26.254.32,CentOS 8,4,Finance,False
laptop-64.palmer-farley.net,10.245.198.152,Ubuntu 22.04,2,HR,True
desktop-42.johnson.com,10.50.187.131,CentOS 8,32,R&D,False
email-63.owens.com,10.13.139.205,Ubuntu 22.04,8,R&D,False
desktop-58.levy.net,192.168.57.223,Ubuntu 22.04,64,Finance,True
db-53.lopez.net,192.168.68.117,Windows Server 2019,64,Operations,False
lt-09.crawford-gonzalez.com,10.194.57.0,Windows Server 2022,8,IT,False
laptop-26.moore.com,172.20.130.244,Windows Server 2022,32,Finance,True
desktop-75.perez.biz,10.253.102.89,Ubuntu 22.04,64,Operations,True
email-28.garcia.com,172.24.205.210,CentOS 8,16,HR,False
email-19.lawrence-phelps.com,10.2.204.169,CentOS 8,8,IT,True
laptop-91.fox-lindsey.com,10.75.73.228,Windows Server 2022,16,R&D,True
web-46.campbell-pennington.info,10.8.98.129,Debian 11,16,Security,False
laptop-47.reyes.com,192.168.139.54,Debian 11,64,R&D,False
srv-70.moore.com,192.168.146.142,Ubuntu 22.04,16,Security,True
db-77.cortez-simmons.info,192.168.127.209,Windows Server 2022,8,Security,False
web-22.hudson.net,172.17.105.196,Debian 11,8,Finance,False
lt-05.barton.info,192.168.77.200,Windows Server 2022,4,HR,False
laptop-61.flynn.net,172.21.99.28,Debian 11,8,R&D,True
db-85.soto-schultz.info,192.168.38.252,Windows Server 2019,64,HR,True
desktop-90.wall-foster.info,172.19.172.76,Debian 11,2,HR,True
web-39.moore-osborne.info,172.29.234.209,Ubuntu 22.04,32,Operations,False
desktop-49.scott.org,10.46.226.220,Windows Server 2022,8,R&D,True
srv-46.woods.com,10.110.87.164,Windows Server 2022,2,HR,False
db-55.carter.com,192.168.14.131,Debian 11,8,IT,False
web-88.barajas.org,192.168.213.4,Debian 11,4,HR,True
db-43.jones-gibbs.com,172.23.22.230,Ubuntu 22.04,4,Operations,False
db-27.robinson-melton.info,192.168.135.136,CentOS 8,16,Operations,True
email-78.roberts.com,172.16.96.134,Windows Server 2019,16,Operations,True
web-23.baker-lara.com,172.30.199.221,Windows Server 2019,4,IT,False
laptop-18.phillips-howell.info,192.168.120.12,CentOS 8,4,Security,True
desktop-21.brock-mcclure.com,192.168.163.94,Ubuntu 22.04,2,Security,False
web-12.young-dean.com,172.29.221.60,Windows Server 2019,4,IT,True
desktop-12.alexander-vance.com,172.27.67.61,Ubuntu 22.04,4,Finance,True
web-70.peterson.info,172.24.77.181,CentOS 8,32,IT,True
srv-60.acevedo.com,192.168.140.164,CentOS 8,2,Finance,True
desktop-90.crawford-allen.biz,172.21.208.141,Ubuntu 22.04,32,R&D,True
laptop-10.warren.com,172.24.101.146,Windows Server 2022,4,Operations,True
desktop-88.wright.net,10.53.15.205,Debian 11,2,HR,True
laptop-17.cameron.com,172.24.230.249,CentOS 8,8,R&D,True
email-82.daniels.com,192.168.2.66,CentOS 8,16,Operations,False
db-59.gutierrez-robinson.org,172.27.149.31,CentOS 8,16,Security,True
lt-83.larson.com,10.29.57.207,Ubuntu 22.04,2,Security,True
lt-26.brown.org,192.168.122.93,Ubuntu 22.04,4,Operations,False
laptop-72.best-thomas.biz,192.168.179.221,CentOS 8,16,Operations,False
laptop-69.king.com,10.21.213.105,CentOS 8,8,Security,True
lt-31.tanner-mendez.info,192.168.127.152,CentOS 8,2,R&D,False
srv-70.ali-hudson.com,10.43.255.109,Debian 11,16,Operations,False
srv-92.ortiz.com,172.23.63.102,Ubuntu 22.04,8,IT,True
srv-82.hall-galvan.net,172.26.79.80,Ubuntu 22.04,8,HR,True
web-12.watts-mendez.net,10.106.124.14,Windows Server 2019,16,Operations,True
lt-68.smith-harrison.com,10.188.56.64,CentOS 8,4,R&D,False
lt-62.riley.net,172.30.71.192,CentOS 8,2,HR,True
lt-01.scott.info,172.28.203.159,Debian 11,64,HR,True
lt-04.shea.com,192.168.131.240,CentOS 8,32,IT,True
srv-76.newton.net,172.28.249.181,Debian 11,32,IT,True
laptop-58.martin.com,172.20.82.27,CentOS 8,32,HR,True
srv-96.fields-rowe.org,10.98.176.194,Ubuntu 22.04,16,R&D,True
email-11.paul.net,192.168.5.192,Windows Server 2022,32,HR,False
desktop-98.phelps-johnson.com,192.168.114.58,Ubuntu 22.04,64,HR,False
db-90.peterson-beasley.com,172.28.115.186,Windows Server 2022,64,IT,False
laptop-83.casey-robinson.com,172.27.26.121,CentOS 8,4,HR,True
laptop-81.young.com,10.84.117.251,Ubuntu 22.04,64,Security,False
lt-43.jackson.info,172.31.182.65,Windows Server 2022,4,R&D,False
email-20.carroll.biz,192.168.99.166,Windows Server 2022,64,Operations,True
web-77.elliott-bryan.com,10.123.234.104,Debian 11,8,HR,True
srv-50.gilbert.biz,172.18.248.213,Windows Server 2019,2,Operations,True
laptop-70.hernandez.biz,172.18.42.228,Debian 11,32,Finance,True
srv-66.anderson.com,10.231.143.110,Debian 11,2,Operations,True
lt-04.jackson.info,10.239.151.225,Debian 11,32,Security,True
laptop-25.park.info,172.21.67.24,Ubuntu 22.04,16,Security,False
email-23.christian-morris.com,192.168.59.97,Ubuntu 22.04,4,Operations,False
db-19.allen.com,10.63.182.58,CentOS 8,32,Operations,False
laptop-93.phillips-campbell.com,172.18.217.40,Windows Server 2019,64,Finance,True
lt-17.dickson.info,192.168.205.137,CentOS 8,4,Security,False
web-59.duncan.com,192.168.137.6,Windows Server 2019,64,Operations,False
email-16.montes.info,192.168.243.127,Ubuntu 22.04,16,R&D,False
lt-11.jones.biz,10.169.236.213,Debian 11,32,IT,True
desktop-60.perez.com,172.29.5.168,Ubuntu 22.04,2,Operations,False
web-91.cooper.com,172.17.84.221,CentOS 8,4,HR,False
lt-74.cortez-patterson.info,192.168.100.7,CentOS 8,64,Operations,False
lt-69.james.info,172.23.18.78,Ubuntu 22.04,16,Finance,True
laptop-57.petersen.com,172.30.112.84,Ubuntu 22.04,64,Security,False
db-97.mccall.com,172.26.224.123,CentOS 8,16,HR,False
email-86.perry.biz,10.112.175.162,Debian 11,32,R&D,False
lt-96.jackson.com,10.171.182.38,Ubuntu 22.04,32,Security,False
laptop-46.drake.org,10.187.38.249,Debian 11,2,Security,False
srv-85.rojas.com,192.168.71.183,Debian 11,32,Security,False
srv-52.petersen.com,10.231.150.242,Windows Server 2022,8,Finance,True
desktop-68.miller.com,192.168.111.57,Windows Server 2022,8,HR,True
lt-47.porter.com,172.31.176.140,Windows Server 2022,8,Security,False
srv-31.wright.com,10.34.217.160,Debian 11,32,HR,False
email-58.holmes-barnett.net,172.30.166.86,Windows Server 2019,8,Finance,False
desktop-37.david-welch.com,192.168.201.13,Windows Server 2019,16,Finance,True
desktop-39.weber.com,172.24.132.57,CentOS 8,16,R&D,False
email-93.perkins-richardson.biz,192.168.176.45,Debian 11,16,HR,True
web-40.webb.net,10.8.236.162,Ubuntu 22.04,2,Finance,False
laptop-41.reed-taylor.com,10.248.183.222,CentOS 8,8,IT,False
desktop-04.marshall-garcia.com,192.168.250.245,CentOS 8,8,Security,True
email-76.aguilar-salazar.org,172.24.124.180,Ubuntu 22.04,8,HR,False
srv-59.elliott.com,172.29.104.238,Windows Server 2022,8,Operations,False
db-90.gregory.com,10.184.140.44,CentOS 8,2,IT,False
web-30.moore.net,10.178.131.182,Ubuntu 22.04,2,IT,True
srv-14.cook.org,10.163.228.99,Windows Server 2022,2,R&D,True
email-65.english.com,10.189.145.31,Ubuntu 22.04,8,Security,True
email-05.gray-murray.com,172.24.98.13,Debian 11,64,Operations,True
srv-24.franco.com,172.23.186.145,Debian 11,2,Finance,False
db-67.torres.info,10.108.210.223,Windows Server 2022,64,R&D,False
laptop-17.schroeder.info,192.168.64.173,Ubuntu 22.04,32,Security,False
db-73.burton.com,10.102.41.225,Debian 11,16,R&D,False
laptop-50.mcconnell.com,192.168.245.207,Windows Server 2022,32,Operations,True
lt-66.christian-williams.org,10.255.110.211,Ubuntu 22.04,4,Security,True
db-76.robinson.com,192.168.134.54,CentOS 8,4,Operations,True
srv-55.morrow-roman.org,10.71.126.212,CentOS 8,64,IT,True
desktop-29.silva-richards.com,10.32.207.86,Windows Server 2022,2,Operations,True
srv-37.reid.net,10.176.141.203,Windows Server 2022,2,Operations,False
db-30.miller-castillo.biz,192.168.100.181,Ubuntu 22.04,4,Security,False
srv-03.mitchell-lane.com,192.168.174.220,Ubuntu 22.04,32,Security,True
lt-07.anderson.net,192.168.17.141,Windows Server 2022,8,R&D,False
srv-07.golden.com,172.18.255.147,Ubuntu 22.04,16,Finance,False
lt-59.benson.biz,192.168.140.49,Ubuntu 22.04,4,Security,True
db-01.daniels-frazier.info,10.125.49.44,Windows Server 2019,2,Finance,False
lt-73.murphy-howell.com,10.50.187.109,Windows Server 2022,16,Security,True
laptop-79.jensen.com,192.168.23.111,Ubuntu 22.04,64,HR,True
email-44.francis-barber.info,172.31.39.124,Windows Server 2022,16,R&D,False
lt-48.roberts.com,192.168.106.79,Ubuntu 22.04,4,Finance,True
laptop-98.greer-anderson.net,10.22.170.87,Windows Server 2019,4,Operations,False
web-53.rogers.biz,10.251.56.130,Windows Server 2019,2,Security,True
lt-41.bowman.com,10.34.148.30,CentOS 8,8,R&D,False
email-09.cross.com,172.17.179.185,Windows Server 2019,8,HR,True
db-19.carter-coleman.net,172.17.16.222,Ubuntu 22.04,64,R&D,True
db-45.ortega-malone.com,10.136.240.121,Ubuntu 22.04,4,Security,True
email-23.ramirez.biz,192.168.68.129,Ubuntu 22.04,16,Security,True
lt-26.smith.net,192.168.234.91,CentOS 8,4,Finance,False
db-62.foster.com,172.27.41.165,Windows Server 2022,4,Security,False
email-05.hanna-orozco.net,10.29.110.146,CentOS 8,64,IT,True
db-95.baxter.com,172.25.127.248,CentOS 8,8,IT,False
srv-30.rose.com,172.21.88.70,CentOS 8,8,R&D,True
srv-99.baxter-graves.com,192.168.144.105,CentOS 8,2,Finance,False
srv-27.hudson.com,172.17.115.117,Windows Server 2022,4,Security,True
srv-64.johnson-cook.com,192.168.11.105,Windows Server 2019,64,Finance,False
lt-34.brown.biz,192.168.156.109,Windows Server 2022,4,IT,True
email-51.scott.com,192.168.242.78,CentOS 8,2,Security,True
email-32.howard.com,10.113.22.115,Debian 11,8,HR,False
email-17.whitehead.org,10.90.242.152,Ubuntu 22.04,16,R&D,False
lt-81.evans.com,172.29.202.250,Windows Server 2022,32,R&D,False
web-48.espinoza-moore.org,10.133.148.131,Windows Server 2019,64,Finance,True
laptop-57.romero-church.net,192.168.157.150,Windows Server 2019,4,R&D,True
lt-17.mann-barr.org,10.204.131.4,Windows Server 2019,32,Security,True
desktop-75.hawkins-martinez.biz,172.21.207.37,CentOS 8,2,IT,False
lt-60.hernandez.com,192.168.83.69,Ubuntu 22.04,2,Operations,False
db-41.powers.com,192.168.3.21,CentOS 8,32,Finance,True
db-37.fernandez.com,172.17.146.135,Debian 11,4,Operations,True
db-06.stevenson.com,192.168.189.1,Debian 11,4,Security,False
srv-52.williams.com,172.21.77.233,Windows Server 2022,4,IT,False
email-32.baird.info,172.23.0.249,Ubuntu 22.04,32,IT,False
web-91.ponce.com,10.96.205.238,Debian 11,32,Finance,True
desktop-94.wright.com,10.243.84.64,Debian 11,64,Security,True
web-99.davis.com,10.202.158.40,Ubuntu 22.04,2,Operations,False
db-38.harmon-williams.com,192.168.38.71,Windows Server 2022,16,Operations,False
srv-08.moss.com,192.168.149.171,Windows Server 2019,32,IT,True
desktop-32.green.net,172.25.30.57,Windows Server 2019,8,Security,True
lt-75.stout.com,10.60.90.116,Windows Server 2022,2,HR,False
email-85.mcbride.com,172.27.111.76,CentOS 8,8,IT,False
laptop-97.lyons-hayes.com,10.36.235.100,Debian 11,64,IT,False
srv-09.cooper.com,172.21.73.14,Ubuntu 22.04,4,Security,True
db-47.mcdonald-rose.com,172.26.114.64,Windows Server 2022,8,Operations,False
email-51.gonzalez.com,192.168.15.57,Ubuntu 22.04,4,R&D,True
desktop-53.smith.com,192.168.82.223,CentOS 8,16,R&D,False
desktop-37.kim.com,192.168.61.15,Windows Server 2022,2,Operations,False
web-20.benitez-ramirez.com,10.222.252.27,Ubuntu 22.04,2,IT,False
srv-90.church.net,192.168.126.140,Windows Server 2022,64,Operations,False
lt-03.james.com,192.168.252.56,Ubuntu 22.04,16,Operations,False
db-68.richardson.biz,10.127.188.11,Ubuntu 22.04,16,Security,False
desktop-75.stephens-fischer.com,172.27.218.162,Windows Server 2022,2,HR,False
db-30.rogers.net,192.168.87.249,Windows Server 2022,8,IT,False
lt-95.robinson-anthony.com,192.168.132.110,Debian 11,4,Operations,True
laptop-07.white-ramirez.com,192.168.115.27,Ubuntu 22.04,64,Security,False
srv-52.palmer.com,172.30.197.61,Debian 11,8,Operations,True
db-49.schmitt.com,172.22.0.200,CentOS 8,8,Finance,False
lt-76.nelson.com,10.106.173.69,CentOS 8,4,R&D,True
email-46.jones.com,192.168.7.107,Windows Server 2022,8,Operations,True
desktop-52.joseph.net,172.22.118.184,Windows Server 2022,8,Finance,False
laptop-05.shelton.com,192.168.205.118,Windows Server 2022,16,HR,False
lt-71.ballard.com,10.183.2.143,Windows Server 2022,64,Operations,True
db-70.morrow.com,10.61.199.222,CentOS 8,2,HR,False
desktop-30.robbins.info,172.27.68.144,Windows Server 2019,8,Finance,True
web-16.doyle.com,172.17.242.193,Windows Server 2019,2,HR,True
db-31.warren-juarez.biz,172.23.159.215,Windows Server 2022,64,Security,False
laptop-35.gregory-jones.com,192.168.236.145,CentOS 8,32,Security,False
web-20.miller-oconnor.com,172.17.248.103,CentOS 8,16,HR,False
web-99.jones.com,172.25.84.19,CentOS 8,4,R&D,True
desktop-51.patton.info,10.247.82.237,Windows Server 2019,8,HR,False
laptop-94.williams.net,172.17.31.124,Windows Server 2019,8,HR,True
web-41.spence.com,10.151.195.159,Windows Server 2022,4,R&D,False
web-82.jones.info,10.97.55.206,Ubuntu 22.04,16,HR,False
email-63.franco.com,192.168.40.200,Windows Server 2022,4,IT,True
laptop-49.fowler.org,172.26.38.85,Windows Server 2022,16,IT,False
srv-86.mcintosh.com,192.168.238.141,Debian 11,4,IT,True
email-99.garcia-lin.info,192.168.67.201,Windows Server 2019,64,HR,True
db-75.cherry.com,10.99.227.157,Debian 11,32,Operations,False
web-47.peters.com,192.168.21.207,CentOS 8,64,IT,False
srv-67.vaughn.com,10.235.16.166,Ubuntu 22.04,4,Operations,False
laptop-10.smith.biz,172.18.184.17,Windows Server 2019,8,Operations,False
web-50.martin-matthews.info,192.168.89.121,Windows Server 2019,16,Security,False
laptop-37.reed-barnes.com,10.81.100.159,Debian 11,16,Security,False
srv-34.brewer.com,192.168.124.203,CentOS 8,64,Security,False
desktop-18.phelps.com,172.19.41.56,Windows Server 2022,2,Operations,True
srv-10.francis.com,172.28.37.123,Windows Server 2022,8,R&D,True
srv-36.vaughan.com,172.18.215.185,CentOS 8,4,Operations,True
web-67.carter.com,172.31.224.176,CentOS 8,4,R&D,False
lt-14.reyes.com,10.232.98.223,Ubuntu 22.04,2,HR,True
db-92.martin.net,172.17.102.122,Windows Server 2022,64,IT,True
email-21.crawford.com,10.136.139.62,Ubuntu 22.04,16,R&D,False
lt-34.riley-mitchell.info,10.95.46.46,Debian 11,64,Operations,False
lt-44.jones.com,192.168.198.23,Ubuntu 22.04,64,R&D,False
web-52.myers.org,10.239.5.113,Ubuntu 22.04,32,R&D,False
db-01.gonzalez.com,192.168.97.149,Windows Server 2019,8,R&D,True
web-20.davidson.com,10.56.109.54,Ubuntu 22.04,32,Security,False
db-76.hunter.info,10.255.100.152,Debian 11,8,HR,True
laptop-48.velazquez.com,10.9.166.149,CentOS 8,32,R&D,False
db-41.hall.biz,172.30.45.25,Debian 11,4,Security,True
desktop-14.lam.com,10.194.19.114,Ubuntu 22.04,16,IT,False
